Dataset,Model,FS_Method,FS_k,Selected_Features,CVR2,CVR2_std,CVR2_CI95_low,CVR2_CI95_high,CVRMSE,CVRMSE_std,CVMAE,CVMAE_std,CVME,CVPearson,CVPearson_std,CVSpearman,CVSpearman_std,TSR2,TSR2_CI95_low,TSR2_CI95_high,TSRMSE,TSMAE,TSME,TSPearson,TSSpearman,Best_Params,n_val,n_test,feat_dim,device
AR,MLP,mutual_info,30,"[1, 13, 39, 54, 56, 80, 99, 104, 115, 127, 128, 130, 134, 142, 146, 147, 157, 192, 199, 214, 215, 393, 437, 488, 776, 806, 902, 908, 934, 957]",0.5640025148418506,0.15497614337336216,0.4801730315463006,0.6348161658569814,0.6499382493581425,0.10595758259296417,0.4750039583660778,0.06809409707784653,-0.011491488298603908,0.75109406145832,0.09876455868255159,0.7431077384569454,0.09230935353071507,0.6145701917326917,0.5391660334532743,0.6724538376336099,0.6244035959243774,0.48048585653305054,-0.05657844990491867,0.788318347492959,0.7764719571655854,"{'regressor__alpha': 0.1, 'regressor__hidden_layer_sizes': (50, 50)}",386,387,1024,cpu
AR,MLP,mutual_info,35,"[0, 1, 13, 39, 54, 56, 67, 80, 88, 99, 104, 115, 127, 128, 130, 134, 142, 146, 147, 157, 192, 199, 206, 207, 214, 215, 393, 437, 488, 776, 806, 902, 908, 934, 957]",0.5684491593862266,0.15204840828986516,0.4866099679606962,0.640432500087743,0.6466154653722029,0.1077432781457901,0.47821843809414405,0.06375992298126221,-0.015455689454943406,0.7542075300377474,0.10318757744804684,0.7467110764506354,0.09841292599737227,0.6088858099302338,0.5383579845533437,0.666510631664616,0.6289911866188049,0.484455406665802,-0.003111430210992694,0.7838570941557411,0.7752155328980728,"{'regressor__alpha': 0.1, 'regressor__hidden_layer_sizes': (100,)}",386,387,1024,cpu
AR,Ridge,mutual_info,30,"[1, 13, 39, 54, 56, 80, 99, 104, 115, 127, 128, 130, 134, 142, 146, 147, 157, 192, 199, 214, 215, 393, 437, 488, 776, 806, 902, 908, 934, 957]",0.575039099694096,0.15401620416483805,0.4926268940247171,0.6469345036656838,0.64165944434364,0.10410182178020477,0.4739907844078973,0.06179746985435486,-0.0005293417471060482,0.7583245197140275,0.09993492495256322,0.7504125858173258,0.09780274969633423,0.6062661811914487,0.5356207297802409,0.663955106589163,0.6310940980911255,0.48912179470062256,-0.007709180470556021,0.7808773382884057,0.7699341410154037,{'alpha': 1.0},386,387,1024,cpu
AR,ElasticNet,mutual_info,30,"[1, 13, 39, 54, 56, 80, 99, 104, 115, 127, 128, 130, 134, 142, 146, 147, 157, 192, 199, 214, 215, 393, 437, 488, 776, 806, 902, 908, 934, 957]",0.5765822730599401,0.15509938208176619,0.49417983110976654,0.6460215541409877,0.6404933460885656,0.10854008793830872,0.4743176785157752,0.06763199716806412,-0.0016840535742013566,0.7594869190259638,0.10304890199266836,0.7506413741499401,0.09437317521456899,0.6057902024255912,0.5328294433232786,0.6646785972448599,0.6314754486083984,0.486080527305603,-0.003446026938036084,0.7817537589945123,0.7718234875842733,"{'alpha': 0.01, 'l1_ratio': 0.1}",386,387,1024,cpu
AR,ElasticNet,mutual_info,35,"[0, 1, 13, 39, 54, 56, 67, 80, 88, 99, 104, 115, 127, 128, 130, 134, 142, 146, 147, 157, 192, 199, 206, 207, 214, 215, 393, 437, 488, 776, 806, 902, 908, 934, 957]",0.5720152934321366,0.1537334494818393,0.4900361666519312,0.6409088302176175,0.6439382594110384,0.10977716743946075,0.4774208352973424,0.07020362466573715,-0.002875690015486485,0.7565114939924624,0.10255053517308713,0.7484036719400713,0.09381604209930115,0.6055464163413641,0.532467536877071,0.6645982320566939,0.6316707134246826,0.4862577021121979,-0.0035760642495006323,0.7815607032936548,0.7715451218550698,"{'alpha': 0.01, 'l1_ratio': 0.1}",386,387,1024,cpu
AR,Ridge,mutual_info,35,"[0, 1, 13, 39, 54, 56, 67, 80, 88, 99, 104, 115, 127, 128, 130, 134, 142, 146, 147, 157, 192, 199, 206, 207, 214, 215, 393, 437, 488, 776, 806, 902, 908, 934, 957]",0.568244401423811,0.15284754148103766,0.4848995291161859,0.6391918176827616,0.6467688470268098,0.10582622140645981,0.4782170619371641,0.06423260271549225,-0.007645000447881037,0.7539372475542188,0.10116383682722845,0.7458948247796944,0.09636676705509517,0.6054966343426998,0.5338136974430729,0.6635965817595579,0.6317105293273926,0.4894362688064575,-0.007610569708049297,0.7803095759268328,0.7688680903351001,{'alpha': 1.0},386,387,1024,cpu
AR,Ridge,mutual_info,25,"[1, 13, 39, 54, 56, 80, 99, 104, 115, 130, 134, 142, 146, 147, 157, 199, 214, 215, 393, 437, 488, 902, 908, 934, 957]",0.5728413778171095,0.15225088391457312,0.4900658878584964,0.6425556445851467,0.6433165032262975,0.103902667760849,0.47551564478503605,0.06552277505397797,-0.0011387921367902213,0.7568690903175254,0.10011821663458126,0.7474428235390786,0.09422783125666863,0.6028821138138794,0.53066420771972,0.6611521355685313,0.6338004469871521,0.4885285496711731,-0.00907130353152752,0.778982708641,0.767293030993401,{'alpha': 1.0},386,387,1024,cpu
AR,ElasticNet,mutual_info,25,"[1, 13, 39, 54, 56, 80, 99, 104, 115, 130, 134, 142, 146, 147, 157, 199, 214, 215, 393, 437, 488, 902, 908, 934, 957]",0.573242181480411,0.1559375727746069,0.49106085540171573,0.6417966001711743,0.6430146199095039,0.11030546575784683,0.47650034254696705,0.07152994722127914,-0.0019771255977413197,0.7573082594911471,0.10452255824699279,0.7488362102104857,0.09236005280680078,0.6004214636947485,0.5258316388084493,0.6594487937782433,0.6357609629631042,0.4879835247993469,-0.0040229014120996,0.7784096900420683,0.7680332001878241,"{'alpha': 0.01, 'l1_ratio': 0.1}",386,387,1024,cpu
AR,SVR,mutual_info,35,"[0, 1, 13, 39, 54, 56, 67, 80, 88, 99, 104, 115, 127, 128, 130, 134, 142, 146, 147, 157, 192, 199, 206, 207, 214, 215, 393, 437, 488, 776, 806, 902, 908, 934, 957]",0.56086748333062,0.15537325947543787,0.47278752231654075,0.6341413944843547,0.652270748147371,0.10733536831089201,0.4831846559033737,0.06727998807526366,0.011374422048229875,0.7490617542491129,0.10403177671195933,0.7460966968378834,0.09760854697929956,0.5966568167724811,0.5182320356356973,0.6584249360969489,0.6387488593570885,0.4943643857080346,0.012173458402366607,0.776735037888677,0.7656852592789132,"{'C': 1, 'epsilon': 0.5}",386,387,1024,cpu
AR,SVR,mutual_info,30,"[1, 13, 39, 54, 56, 80, 99, 104, 115, 127, 128, 130, 134, 142, 146, 147, 157, 192, 199, 214, 215, 393, 437, 488, 776, 806, 902, 908, 934, 957]",0.5645745912644615,0.1559126553028281,0.476729432666749,0.6370336213779417,0.649511714335999,0.10737430380677326,0.4798709961936814,0.06483396683506065,0.007596158351606184,0.7514217593189962,0.10426398314261792,0.7475677025332143,0.09463754115093705,0.5951194019379824,0.5187638320888515,0.655781568682941,0.6399650544035501,0.4963634651419793,-0.0012340747087800344,0.7769104514984476,0.7647044056960935,"{'C': 1, 'epsilon': 0.5}",386,387,1024,cpu
AR,SVR,mutual_info,25,"[1, 13, 39, 54, 56, 80, 99, 104, 115, 130, 134, 142, 146, 147, 157, 199, 214, 215, 393, 437, 488, 902, 908, 934, 957]",0.5553964934128208,0.15306925021218443,0.46559435492765505,0.6304441844203605,0.6563213711273547,0.10573578098874964,0.48360826706689003,0.06844121056259377,0.009546797136971812,0.7455455385285964,0.10372113502244691,0.7409157313176126,0.09986105759514194,0.5933917449421563,0.5119251311620971,0.6563933976441717,0.6413289912719456,0.493866039939646,0.02241131115284679,0.7739086611582076,0.7614220917593695,"{'C': 1, 'epsilon': 0.5}",386,387,1024,cpu
AR,RF,mutual_info,30,"[1, 13, 39, 54, 56, 80, 99, 104, 115, 127, 128, 130, 134, 142, 146, 147, 157, 192, 199, 214, 215, 393, 437, 488, 776, 806, 902, 908, 934, 957]",0.5460345379904095,0.15987498883350892,0.4554892265531218,0.6214277939131497,0.6631954080418953,0.10937827711218501,0.48961502493916975,0.06877565504263283,-0.009116470622938824,0.7397954938673444,0.10384957842890413,0.7352186618842351,0.09998250956145086,0.5924998927643914,0.5126235931860997,0.6560651125388667,0.6420319496534322,0.4944228918768074,-0.008602984950817912,0.7713530857323164,0.7610089427726643,"{'max_depth': None, 'min_samples_leaf': 5, 'n_estimators': 200}",386,387,1024,cpu
AR,ExtraTrees,mutual_info,35,"[0, 1, 13, 39, 54, 56, 67, 80, 88, 99, 104, 115, 127, 128, 130, 134, 142, 146, 147, 157, 192, 199, 206, 207, 214, 215, 393, 437, 488, 776, 806, 902, 908, 934, 957]",0.5551676270438375,0.15665346190296572,0.467287998414794,0.6310818662185974,0.6564902750621442,0.10645737006493397,0.4813909517888577,0.06677183595807613,-0.006138869863577212,0.7454260118499907,0.10272035300637632,0.7421397958440888,0.10375169746263126,0.5915836451217527,0.5099709345777053,0.6554574876429229,0.6427533359196663,0.49283041683017015,-0.007957043935841568,0.7707212325621328,0.7612567700525871,"{'max_depth': None, 'min_samples_leaf': 5, 'n_estimators': 200}",386,387,1024,cpu
AR,ExtraTrees,mutual_info,30,"[1, 13, 39, 54, 56, 80, 99, 104, 115, 127, 128, 130, 134, 142, 146, 147, 157, 192, 199, 214, 215, 393, 437, 488, 776, 806, 902, 908, 934, 957]",0.5556956932961025,0.16083331639245516,0.4666787727561945,0.6316075088760329,0.6561004953095786,0.10731225878062732,0.4816673252837517,0.06807177560860958,-0.0068590489819383435,0.7458623330921337,0.10541812858883337,0.7438565951151784,0.10868352229599917,0.5909211142537265,0.5091491579992823,0.6542638117843662,0.6432744602086166,0.4948599390108275,-0.011689078591419056,0.7706733288297386,0.7623247876160647,"{'max_depth': None, 'min_samples_leaf': 5, 'n_estimators': 100}",386,387,1024,cpu
AR,RF,mutual_info,25,"[1, 13, 39, 54, 56, 80, 99, 104, 115, 130, 134, 142, 146, 147, 157, 199, 214, 215, 393, 437, 488, 902, 908, 934, 957]",0.5480198187898238,0.16264120817832356,0.4584665655353375,0.6222243324240412,0.6617436767470806,0.11245095038668425,0.48958385701087437,0.07207930900874869,-0.00927405507590275,0.7409682974643147,0.10460647747117782,0.7388768756932261,0.10097415834208524,0.5896619901871025,0.5072897956590912,0.6552775243073226,0.6442636826838694,0.49172405771670785,-0.007645486718102262,0.769272854375853,0.7622402116395831,"{'max_depth': None, 'min_samples_leaf': 5, 'n_estimators': 200}",386,387,1024,cpu
AR,ExtraTrees,mutual_info,25,"[1, 13, 39, 54, 56, 80, 99, 104, 115, 130, 134, 142, 146, 147, 157, 199, 214, 215, 393, 437, 488, 902, 908, 934, 957]",0.5461983329772653,0.16663239753529516,0.455201161801014,0.6223763847313007,0.6630757536931509,0.11287339432319798,0.48668075653927423,0.07248197551615118,-0.006404080721600588,0.7395226229971922,0.10796195935931129,0.7364893604210527,0.11234812640012903,0.5894699980015738,0.5051424035310242,0.6538473751347421,0.6444143866452839,0.49231270524628395,-0.0012819371380545527,0.7691201325100033,0.7635652697778513,"{'max_depth': None, 'min_samples_leaf': 5, 'n_estimators': 200}",386,387,1024,cpu
AR,RF,mutual_info,35,"[0, 1, 13, 39, 54, 56, 67, 80, 88, 99, 104, 115, 127, 128, 130, 134, 142, 146, 147, 157, 192, 199, 206, 207, 214, 215, 393, 437, 488, 776, 806, 902, 908, 934, 957]",0.5492382320220549,0.161941511447361,0.46046583949372827,0.6232284796839059,0.6608511361067634,0.10868148578597898,0.49049793107630874,0.06701842041742496,-0.007527785988842778,0.7418551126785354,0.10594327610918898,0.7395199451333693,0.10444196601215189,0.5863346977929544,0.5063667077075362,0.6507589491301342,0.6468704673206739,0.49680775286255335,-0.004851456215352111,0.7670421416567823,0.7589737362884179,"{'max_depth': None, 'min_samples_leaf': 5, 'n_estimators': 100}",386,387,1024,cpu
AR,AdaBoost,mutual_info,35,"[0, 1, 13, 39, 54, 56, 67, 80, 88, 99, 104, 115, 127, 128, 130, 134, 142, 146, 147, 157, 192, 199, 206, 207, 214, 215, 393, 437, 488, 776, 806, 902, 908, 934, 957]",0.5380284932652022,0.16429444468316898,0.4515610542521175,0.6130321876666274,0.6690178406687157,0.11895281080852838,0.49290550950649575,0.0766915458269106,-0.01724099822912467,0.7338601078066239,0.10859957535807337,0.7301849336179126,0.11055931431204913,0.5826243066156569,0.5023785832811125,0.6456294004621799,0.6497650591754613,0.49780038835115986,-0.004106276799505487,0.7663101919794844,0.770039815381483,"{'learning_rate': 0.01, 'n_estimators': 50}",386,387,1024,cpu
AR,AdaBoost,mutual_info,25,"[1, 13, 39, 54, 56, 80, 99, 104, 115, 130, 134, 142, 146, 147, 157, 199, 214, 215, 393, 437, 488, 902, 908, 934, 957]",0.5488365975128764,0.15683553895283575,0.4644389012308343,0.6212433361738213,0.6611454839680654,0.11392265768089464,0.48706920376220697,0.07487917947946642,-0.0037849721151975465,0.7408770970090696,0.10198282742946002,0.7323291038789924,0.1056904683385488,0.5821839296636131,0.5004511280455066,0.6473352478573544,0.6501077553637884,0.4958485622348395,0.0030306459063652617,0.7659729791736112,0.7682007395368287,"{'learning_rate': 0.01, 'n_estimators': 50}",386,387,1024,cpu
AR,AdaBoost,mutual_info,30,"[1, 13, 39, 54, 56, 80, 99, 104, 115, 127, 128, 130, 134, 142, 146, 147, 157, 192, 199, 214, 215, 393, 437, 488, 776, 806, 902, 908, 934, 957]",0.5455896735040947,0.15496348495344467,0.4611363967168409,0.6205238201669556,0.6635202783957678,0.11334288220088784,0.4894875705606046,0.07214500274455823,-0.011720021822635512,0.7388211661344877,0.10268067398168902,0.7325334735307241,0.10519665980663563,0.5810215009906308,0.4979573394504123,0.6450383135710451,0.6510114771898804,0.49806812288671093,-0.00382998090926947,0.7661860526704598,0.7693221039099977,"{'learning_rate': 0.01, 'n_estimators': 100}",386,387,1024,cpu
AR,KNN,mutual_info,30,"[1, 13, 39, 54, 56, 80, 99, 104, 115, 127, 128, 130, 134, 142, 146, 147, 157, 192, 199, 214, 215, 393, 437, 488, 776, 806, 902, 908, 934, 957]",0.5193104585145539,0.17933911767567684,0.4203828672363179,0.6056537120196085,0.6824368044953912,0.10692474543808807,0.5068360998115059,0.06870762097178418,-0.014515735889962009,0.7217714591272295,0.12089116635021083,0.7090064879865366,0.11305411443135191,0.580810184683388,0.4975762388556776,0.6464450164905509,0.6511756288108906,0.4989450976117234,-0.018451694913309523,0.7640735119515161,0.7395414481302145,"{'n_neighbors': 9, 'weights': 'distance'}",386,387,1024,cpu
AR,KNN,mutual_info,35,"[0, 1, 13, 39, 54, 56, 67, 80, 88, 99, 104, 115, 127, 128, 130, 134, 142, 146, 147, 157, 192, 199, 206, 207, 214, 215, 393, 437, 488, 776, 806, 902, 908, 934, 957]",0.5283608214097069,0.17001447373276543,0.4273517915077391,0.6154442560126269,0.6759818592595253,0.09978555475474725,0.498055135808531,0.05784516667098017,-0.013925417477631813,0.7277930646595809,0.11364107695448475,0.7186929040003222,0.11297309553359218,0.5793406514003347,0.4959724119023888,0.6459553683234021,0.6523160275406039,0.49664271624079054,-0.011447171047344624,0.7633999481334818,0.7422198254123561,"{'n_neighbors': 9, 'weights': 'distance'}",386,387,1024,cpu
AR,XGB,mutual_info,35,"[0, 1, 13, 39, 54, 56, 67, 80, 88, 99, 104, 115, 127, 128, 130, 134, 142, 146, 147, 157, 192, 199, 206, 207, 214, 215, 393, 437, 488, 776, 806, 902, 908, 934, 957]",0.5299858550169316,0.16429450747665234,0.43727159885965283,0.6075261669025097,0.6748163060805477,0.10360880196094513,0.49852650894402223,0.06148364767432213,-0.003092893047036285,0.7312486351660418,0.10092803342551734,0.7300842260476604,0.10024535276604753,0.57766758731404,0.494821940313548,0.6437810654275409,0.653611958026886,0.5013566613197327,-0.0015624758088961244,0.7601515995772378,0.749809199419454,"{'learning_rate': 0.1, 'max_depth': 3, 'n_estimators': 100, 'subsample': 0.8}",386,387,1024,cpu
AR,LGBM,mutual_info,35,"[0, 1, 13, 39, 54, 56, 67, 80, 88, 99, 104, 115, 127, 128, 130, 134, 142, 146, 147, 157, 192, 199, 206, 207, 214, 215, 393, 437, 488, 776, 806, 902, 908, 934, 957]",0.5248997341242791,0.13856343869546595,0.4411066946362285,0.5953007161600734,0.67845764551699,0.09533399375393474,0.5103235554315316,0.05300704408956754,-0.0077014749847865,0.725507232354959,0.10035802692836843,0.7207766393843374,0.09060622651477507,0.5760370343244752,0.5002390541069265,0.6335431024685727,0.654872475970491,0.511274811597248,2.1756551036300102e-05,0.7688678235330246,0.7520752327809916,"{'learning_rate': 0.01, 'n_estimators': 200, 'num_leaves': 31}",386,387,1024,cpu
AR,KNN,mutual_info,25,"[1, 13, 39, 54, 56, 80, 99, 104, 115, 130, 134, 142, 146, 147, 157, 199, 214, 215, 393, 437, 488, 902, 908, 934, 957]",0.5229172055282738,0.1754710822139925,0.42684593674762683,0.6088447467540955,0.6798717274595226,0.10654206120917492,0.5021790262016873,0.07281624607663945,-0.014237700163880092,0.7241627632957891,0.11965404426154917,0.7119321200939239,0.1132507681244541,0.5751555258381251,0.49012814808619104,0.6414758030878541,0.6555529314982501,0.5014981252842339,-0.021384803430675305,0.7604407549246175,0.7438790466498688,"{'n_neighbors': 9, 'weights': 'distance'}",386,387,1024,cpu
AR,LGBM,mutual_info,30,"[1, 13, 39, 54, 56, 80, 99, 104, 115, 127, 128, 130, 134, 142, 146, 147, 157, 192, 199, 214, 215, 393, 437, 488, 776, 806, 902, 908, 934, 957]",0.5289766983071896,0.14038335254575074,0.44803448433326676,0.5974733554921885,0.6755403590317582,0.09809763035330114,0.5094131177958396,0.056669228962075054,-0.010535622834290607,0.7285401513380411,0.1020588345318311,0.7232570969432406,0.09689144021752649,0.5744355701818245,0.497787551158211,0.6313257168035259,0.6561081573342237,0.5124972744791421,-0.0038278684260210985,0.7678511016370885,0.7494081485787613,"{'learning_rate': 0.01, 'n_estimators': 200, 'num_leaves': 31}",386,387,1024,cpu
AR,MLP,mutual_info,25,"[1, 13, 39, 54, 56, 80, 99, 104, 115, 130, 134, 142, 146, 147, 157, 199, 214, 215, 393, 437, 488, 902, 908, 934, 957]",0.5648609465595816,0.1653177015390315,0.4805604288247611,0.636823474300846,0.6492981051804501,0.11007186025381088,0.4813363230907855,0.07196881622076035,0.01686416882925083,0.7517737175881701,0.1092096643026015,0.741054694408831,0.10030288780820071,0.5741529391422036,0.4939925070712708,0.6400287957646393,0.6563259959220886,0.49856701493263245,-0.023385459557175636,0.7616285461091126,0.7543053908350321,"{'regressor__alpha': 0.1, 'regressor__hidden_layer_sizes': (100, 50)}",386,387,1024,cpu
AR,XGB,mutual_info,25,"[1, 13, 39, 54, 56, 80, 99, 104, 115, 130, 134, 142, 146, 147, 157, 199, 214, 215, 393, 437, 488, 902, 908, 934, 957]",0.5259557632714242,0.17895191087495924,0.42925809510357826,0.6074333968417567,0.6777032051626392,0.1167609840631485,0.4974855332794585,0.07681884616613388,0.0025687866260350675,0.7292904463950881,0.11225937084714425,0.7318174427757917,0.11309068897872503,0.5727410506298255,0.4894591358585508,0.6400087961464156,0.657413125038147,0.5015506148338318,0.005679229274392128,0.756829485897403,0.7514248778538235,"{'learning_rate': 0.1, 'max_depth': 3, 'n_estimators': 100, 'subsample': 1.0}",386,387,1024,cpu
AR,XGB,mutual_info,30,"[1, 13, 39, 54, 56, 80, 99, 104, 115, 127, 128, 130, 134, 142, 146, 147, 157, 192, 199, 214, 215, 393, 437, 488, 776, 806, 902, 908, 934, 957]",0.5243918296692305,0.17121460177603043,0.42817123854652517,0.6056739324757794,0.6788202001591349,0.11236823350191116,0.4932737770475872,0.07024700194597244,-0.012783629906609886,0.7282962906799216,0.10543378456483435,0.7322322455381832,0.10066241398980039,0.5718121959464427,0.48520370036118454,0.6397428494793682,0.6581273078918457,0.49999168515205383,-0.002150067361071706,0.7562026258463472,0.7534941557680425,"{'learning_rate': 0.1, 'max_depth': 3, 'n_estimators': 100, 'subsample': 1.0}",386,387,1024,cpu
AR,GBR,mutual_info,30,"[1, 13, 39, 54, 56, 80, 99, 104, 115, 127, 128, 130, 134, 142, 146, 147, 157, 192, 199, 214, 215, 393, 437, 488, 776, 806, 902, 908, 934, 957]",0.5378022000104115,0.13739496414203375,0.4600018575220073,0.6057702423799918,0.6691816772767978,0.10267977367567171,0.49503730036915067,0.06504432558119011,-0.0019556259488805456,0.7363926113900411,0.10198755517641463,0.7341949811118477,0.1017273816265943,0.5714175805953423,0.5004727189827805,0.6273579917175275,0.6584305193632431,0.5145330190912781,0.001429676268600546,0.7707309994929498,0.7616301742104242,"{'learning_rate': 0.01, 'max_depth': 3, 'n_estimators': 200, 'subsample': 1.0}",386,387,1024,cpu
AR,GBR,mutual_info,35,"[0, 1, 13, 39, 54, 56, 67, 80, 88, 99, 104, 115, 127, 128, 130, 134, 142, 146, 147, 157, 192, 199, 206, 207, 214, 215, 393, 437, 488, 776, 806, 902, 908, 934, 957]",0.5399892587478545,0.13774559705539255,0.4635296874048363,0.6051284814356792,0.6675965604053012,0.10310828202217216,0.4978943375110278,0.06322165883712887,-0.004300462386782777,0.7380389603929011,0.10192770814655325,0.7379896545684586,0.10461708825034693,0.5701300425333817,0.5005665807369128,0.6265081821251037,0.6594187990613066,0.5129441999391205,0.001686386709286583,0.7702559249048505,0.7605372013714075,"{'learning_rate': 0.01, 'max_depth': 3, 'n_estimators': 200, 'subsample': 0.8}",386,387,1024,cpu
AR,LGBM,mutual_info,25,"[1, 13, 39, 54, 56, 80, 99, 104, 115, 130, 134, 142, 146, 147, 157, 199, 214, 215, 393, 437, 488, 902, 908, 934, 957]",0.5331299108600136,0.13759686803738175,0.45237692775193167,0.6016643384646756,0.6725555016089744,0.09680586037737685,0.5079255141744247,0.05874499585710938,-0.013231417326806891,0.731640859319677,0.09795110878245289,0.729527123053848,0.09375833496919775,0.5698892960698904,0.4924947859639124,0.6298071252559463,0.6596034252722499,0.5141828236639762,0.004455048975843867,0.7645216983877964,0.7445029294110183,"{'learning_rate': 0.01, 'n_estimators': 200, 'num_leaves': 31}",386,387,1024,cpu
AR,GBR,mutual_info,25,"[1, 13, 39, 54, 56, 80, 99, 104, 115, 130, 134, 142, 146, 147, 157, 199, 214, 215, 393, 437, 488, 902, 908, 934, 957]",0.5349976007125866,0.14228658386611207,0.45659783148063254,0.6021223428413722,0.6712088915990284,0.10499198346270704,0.49737508165048866,0.06889452173868132,-0.001357850809253983,0.7345387945282489,0.10588324248485206,0.7319931288552353,0.10454319803079765,0.5698859871552506,0.4989698588491256,0.6266812640843967,0.6596059624879164,0.5126753328261361,0.003311559341185195,0.7696569285056915,0.7578265257971456,"{'learning_rate': 0.01, 'max_depth': 3, 'n_estimators': 200, 'subsample': 0.8}",386,387,1024,cpu
AR,DT,mutual_info,30,"[1, 13, 39, 54, 56, 80, 99, 104, 115, 127, 128, 130, 134, 142, 146, 147, 157, 192, 199, 214, 215, 393, 437, 488, 776, 806, 902, 908, 934, 957]",0.3883335549338168,0.18951815058043078,0.2702187591278695,0.4932510360826737,0.7698168846949848,0.0870391594358787,0.5792581312404723,0.06071728008153168,0.012843065427562236,0.6595293401381741,0.09290088067349507,0.6531510497375682,0.09966300749151133,0.3827184587228102,0.24842826400454432,0.49306930065393034,0.7901952632957929,0.6120048293647148,-0.017340125794998888,0.6461008381286021,0.6180886796780906,"{'max_depth': None, 'min_samples_leaf': 10}",386,387,1024,cpu
AR,DT,mutual_info,35,"[0, 1, 13, 39, 54, 56, 67, 80, 88, 99, 104, 115, 127, 128, 130, 134, 142, 146, 147, 157, 192, 199, 206, 207, 214, 215, 393, 437, 488, 776, 806, 902, 908, 934, 957]",0.3824118527529011,0.16979711418057733,0.2731933990617553,0.4797260388562374,0.7735343079218628,0.0781141023507502,0.5868755129438299,0.05747619292557851,0.013521002883877304,0.6542550266082907,0.09095771501920269,0.6420635530447533,0.10502149473599587,0.3677024240075577,0.2260964759449237,0.47881089635641655,0.7997486861961632,0.6032892482755754,0.01735007380094526,0.6388727878959028,0.6149500186679152,"{'max_depth': None, 'min_samples_leaf': 10}",386,387,1024,cpu
AR,DT,mutual_info,25,"[1, 13, 39, 54, 56, 80, 99, 104, 115, 130, 134, 142, 146, 147, 157, 199, 214, 215, 393, 437, 488, 902, 908, 934, 957]",0.3329815468234215,0.21830331361482977,0.20775706807266595,0.44392555925045624,0.8038944467700903,0.09550219947903243,0.6103265538634102,0.07145460265893515,-0.019234850750035105,0.6260589369159747,0.10219007623099935,0.6191916627709507,0.10970401270669108,0.36519760907903664,0.2314114487949223,0.4756968503037869,0.8013312025049173,0.6261588746437745,0.006740580733779068,0.6394482779033471,0.6270682314731545,"{'max_depth': None, 'min_samples_leaf': 10}",386,387,1024,cpu
